{"cameraMode":{"drawMode":0,"name":"Shaded","section":"Shading Mode"},"sceneLighting":false,"audioPlay":false,"sceneViewState":{"showFog":true,"showMaterialUpdate":false,"showSkybox":true,"showFlares":true,"showImageEffects":true,"showParticleSystems":true},"in2DMode":false,"pivot":{"x":-0.5372368097305298,"y":-0.001191107090562582,"z":-0.0005824612453579903},"rotation":{"x":-0.018485743552446367,"y":0.2681231200695038,"z":0.005145820789039135,"w":0.9631935358047485},"size":0.02108895778656006,"orthographic":false}