{"cameraMode":{"drawMode":0,"name":"Shaded","section":"Shading Mode"},"sceneLighting":false,"audioPlay":false,"sceneViewState":{"showFog":true,"showMaterialUpdate":false,"showSkybox":true,"showFlares":true,"showImageEffects":true,"showParticleSystems":true},"in2DMode":false,"pivot":{"x":-0.0018461316358298064,"y":-0.0018183302599936724,"z":0.0024364618584513666},"rotation":{"x":0.004660073202103376,"y":0.247881218791008,"z":-0.0011924079153686762,"w":0.9687785506248474},"size":0.02108890749514103,"orthographic":false}