{"cameraMode":{"drawMode":0,"name":"Shaded","section":"Shading Mode"},"sceneLighting":false,"audioPlay":false,"sceneViewState":{"showFog":true,"showMaterialUpdate":false,"showSkybox":true,"showFlares":true,"showImageEffects":true,"showParticleSystems":true},"in2DMode":false,"pivot":{"x":0.0334320068359375,"y":1.2439244985580445,"z":4.400000095367432},"rotation":{"x":-0.013171225786209107,"y":0.052466873079538348,"z":0.0006920336745679379,"w":0.9985355734825134},"size":25.406564712524415,"orthographic":false}