{"cameraMode":{"drawMode":0,"name":"Shaded","section":"Shading Mode"},"sceneLighting":false,"audioPlay":false,"sceneViewState":{"showFog":true,"showMaterialUpdate":false,"showSkybox":true,"showFlares":true,"showImageEffects":true,"showParticleSystems":true},"in2DMode":false,"pivot":{"x":-0.2689754366874695,"y":-0.001509290188550949,"z":-0.00007299185381270945},"rotation":{"x":0.025799935683608056,"y":0.02398531511425972,"z":-0.0006192381260916591,"w":0.9993791580200195},"size":0.018562566488981248,"orthographic":false}